Workbook

Sheet 1. Data Input
A1: SALES FORECASTING ENGINE — Data Input
A2: Enter your monthly sales data below. All other sheets update automatically.
A4: # | B4: Month | C4: Year | D4: Product | E4: Units Sold | F4: Revenue ($) | G4: Notes
A5: 1 | B5: January | C5: 2022 | D5: Product A | E5: 1326 | F5: 38019
A6: 2 | B6: February | C6: 2022 | D6: Product A | E6: 1188 | F6: 35007
A7: 3 | B7: March | C7: 2022 | D7: Product A | E7: 1241 | F7: 40219
A8: 4 | B8: April | C8: 2022 | D8: Product A | E8: 1388 | F8: 45047
A9: 5 | B9: May | C9: 2022 | D9: Product A | E9: 1687 | F9: 48102
A10: 6 | B10: June | C10: 2022 | D10: Product A | E10: 1801 | F10: 50772
A11: 7 | B11: July | C11: 2022 | D11: Product A | E11: 1651 | F11: 48401
A12: 8 | B12: August | C12: 2022 | D12: Product A | E12: 1672 | F12: 52841
A13: 9 | B13: September | C13: 2022 | D13: Product A | E13: 1717 | F13: 50114
A14: 10 | B14: October | C14: 2022 | D14: Product A | E14: 1489 | F14: 47954
A15: 11 | B15: November | C15: 2022 | D15: Product A | E15: 1963 | F15: 57566
A16: 12 | B16: December | C16: 2022 | D16: Product A | E16: 2094 | F16: 62113
... A40: 36 | B40: December | C40: 2024 | D40: Product A | E40: 2611 | F40: 75800
A42: Note: Blue values = inputs you can change. Add more rows as needed. Sheet auto-extends to row 500.

Sheet 2. Trend Analysis
A1: TREND ANALYSIS — Historical Patterns & Seasonality
A2: Automatic calculations from Data Input sheet. Shows growth trend, seasonal index, and YoY comparison.
A4: SECTION A — Monthly Revenue by Year & Seasonal Index
A5: Month | B5: 2022 Revenue | C5: 2023 Revenue | D5: 2024 Revenue | E5: 3-Yr Average | F5: Seasonal Index | G5: vs Avg | H5: Status
A6: January | B6: ='1. Data Input'!F5 -> 38019 | C6: ='1. Data Input'!F17 -> 39854 | D6: ='1. Data Input'!F29 -> 45737 | E6: =AVERAGE(B6,C6,D6) -> 41203.333 | F6: =E6/AVERAGE($E$6:$E$17) -> 0.77346286 | G6: =E6-AVERAGE($E$6:$E$17) -> -12067.917 | H6: =IF(F6>1.05,"🔥 Peak",IF(F6<0.95,"❄ Low","✓ Normal")) -> ❄ Low
A7: February | B7: ='1. Data Input'!F6 -> 35007 | C7: ='1. Data Input'!F18 -> 38746 | D7: ='1. Data Input'!F30 -> 45190 | E7: =AVERAGE(B7,C7,D7) -> 39647.667 | F7: =E7/AVERAGE($E$6:$E$17) -> 0.74426012 | G7: =E7-AVERAGE($E$6:$E$17) -> -13623.583 | H7: =IF(F7>1.05,"🔥 Peak",IF(F7<0.95,"❄ Low","✓ Normal")) -> ❄ Low
A8: March | B8: ='1. Data Input'!F7 -> 40219 | C8: ='1. Data Input'!F19 -> 45901 | D8: ='1. Data Input'!F31 -> 52076 | E8: =AVERAGE(B8,C8,D8) -> 46065.333 | F8: =E8/AVERAGE($E$6:$E$17) -> 0.8647316 | G8: =E8-AVERAGE($E$6:$E$17) -> -7205.9167 | H8: =IF(F8>1.05,"🔥 Peak",IF(F8<0.95,"❄ Low","✓ Normal")) -> ❄ Low
A9: April | B9: ='1. Data Input'!F8 -> 45047 | C9: ='1. Data Input'!F20 -> 48287 | D9: ='1. Data Input'!F32 -> 53721 | E9: =AVERAGE(B9,C9,D9) -> 49018.333 | F9: =E9/AVERAGE($E$6:$E$17) -> 0.92016488 | G9: =E9-AVERAGE($E$6:$E$17) -> -4252.9167 | H9: =IF(F9>1.05,"🔥 Peak",IF(F9<0.95,"❄ Low","✓ Normal")) -> ❄ Low
A10: May | B10: ='1. Data Input'!F9 -> 48102 | C10: ='1. Data Input'!F21 -> 52755 | D10: ='1. Data Input'!F33 -> 57838 | E10: =AVERAGE(B10,C10,D10) -> 52898.333 | F10: =E10/AVERAGE($E$6:$E$17) -> 0.99299966 | G10: =E10-AVERAGE($E$6:$E$17) -> -372.91667 | H10: =IF(F10>1.05,"🔥 Peak",IF(F10<0.95,"❄ Low","✓ Normal")) -> ✓ Normal
A11: June | B11: ='1. Data Input'!F10 -> 50772 | C11: ='1. Data Input'!F22 -> 56432 | D11: ='1. Data Input'!F34 -> 62264 | E11: =AVERAGE(B11,C11,D11) -> 56489.333 | F11: =E11/AVERAGE($E$6:$E$17) -> 1.0604094 | G11: =E11-AVERAGE($E$6:$E$17) -> 3218.0833 | H11: =IF(F11>1.05,"🔥 Peak",IF(F11<0.95,"❄ Low","✓ Normal")) -> 🔥 Peak
A12: July | B12: ='1. Data Input'!F11 -> 48401 | C12: ='1. Data Input'!F23 -> 55096 | D12: ='1. Data Input'!F35 -> 61961 | E12: =AVERAGE(B12,C12,D12) -> 55152.667 | F12: =E12/AVERAGE($E$6:$E$17) -> 1.0353177 | G12: =E12-AVERAGE($E$6:$E$17) -> 1881.4167 | H12: =IF(F12>1.05,"🔥 Peak",IF(F12<0.95,"❄ Low","✓ Normal")) -> ✓ Normal
A13: August | B13: ='1. Data Input'!F12 -> 52841 | C13: ='1. Data Input'!F24 -> 56889 | D13: ='1. Data Input'!F36 -> 63318 | E13: =AVERAGE(B13,C13,D13) -> 57682.667 | F13: =E13/AVERAGE($E$6:$E$17) -> 1.0828105 | G13: =E13-AVERAGE($E$6:$E$17) -> 4411.4167 | H13: =IF(F13>1.05,"🔥 Peak",IF(F13<0.95,"❄ Low","✓ Normal")) -> 🔥 Peak
A14: September | B14: ='1. Data Input'!F13 -> 50114 | C14: ='1. Data Input'!F25 -> 55574 | D14: ='1. Data Input'!F37 -> 59798 | E14: =AVERAGE(B14,C14,D14) -> 55162 | F14: =E14/AVERAGE($E$6:$E$17) -> 1.0354929 | G14: =E14-AVERAGE($E$6:$E$17) -> 1890.75 | H14: =IF(F14>1.05,"🔥 Peak",IF(F14<0.95,"❄ Low","✓ Normal")) -> ✓ Normal
A15: October | B15: ='1. Data Input'!F14 -> 47954 | C15: ='1. Data Input'!F26 -> 52081 | D15: ='1. Data Input'!F38 -> 58643 | E15: =AVERAGE(B15,C15,D15) -> 52892.667 | F15: =E15/AVERAGE($E$6:$E$17) -> 0.99289329 | G15: =E15-AVERAGE($E$6:$E$17) -> -378.58333 | H15: =IF(F15>1.05,"🔥 Peak",IF(F15<0.95,"❄ Low","✓ Normal")) -> ✓ Normal
A16: November | B16: ='1. Data Input'!F15 -> 57566 | C16: ='1. Data Input'!F27 -> 63420 | D16: ='1. Data Input'!F39 -> 71246 | E16: =AVERAGE(B16,C16,D16) -> 64077.333 | F16: =E16/AVERAGE($E$6:$E$17) -> 1.2028502 | G16: =E16-AVERAGE($E$6:$E$17) -> 10806.083 | H16: =IF(F16>1.05,"🔥 Peak",IF(F16<0.95,"❄ Low","✓ Normal")) -> 🔥 Peak
A17: December | B17: ='1. Data Input'!F16 -> 62113 | C17: ='1. Data Input'!F28 -> 68983 | D17: ='1. Data Input'!F40 -> 75800 | E17: =AVERAGE(B17,C17,D17) -> 68965.333 | F17: =E17/AVERAGE($E$6:$E$17) -> 1.294607 | G17: =E17-AVERAGE($E$6:$E$17) -> 15694.083 | H17: =IF(F17>1.05,"🔥 Peak",IF(F17<0.95,"❄ Low","✓ Normal")) -> 🔥 Peak
A18: TOTAL / AVG | B18: =SUM(B6:B17) -> 576155 | C18: =SUM(C6:C17) -> 634018 | D18: =SUM(D6:D17) -> 707592 | E18: =SUM(E6:E17) -> 639255 | F18: =AVERAGE(F6:F17) -> 1
A20: SECTION B — Year-over-Year Growth Analysis
A21: Month | B21: 2022→2023 Growth | C21: 2023→2024 Growth | D21: Avg YoY Growth | E21: Trend Direction
A22: January | B22: =(C6-B6)/B6 -> 0.048265341 | C22: =(D6-C6)/C6 -> 0.14761379 | D22: =AVERAGE(B22,C22) -> 0.097939566 | E22: =IF(D22>0.05,"📈 Growing",IF(D22<-0.05,"📉 Declining","➡ Stable")) -> 📈 Growing
A23: February | B23: =(C7-B7)/B7 -> 0.10680721 | C23: =(D7-C7)/C7 -> 0.16631394 | D23: =AVERAGE(B23,C23) -> 0.13656058 | E23: =IF(D23>0.05,"📈 Growing",IF(D23<-0.05,"📉 Declining","➡ Stable")) -> 📈 Growing
A24: March | B24: =(C8-B8)/B8 -> 0.14127651 | C24: =(D8-C8)/C8 -> 0.13452866 | D24: =AVERAGE(B24,C24) -> 0.13790259 | E24: =IF(D24>0.05,"📈 Growing",IF(D24<-0.05,"📉 Declining","➡ Stable")) -> 📈 Growing
A25: April | B25: =(C9-B9)/B9 -> 0.071924878 | C25: =(D9-C9)/C9 -> 0.11253547 | D25: =AVERAGE(B25,C25) -> 0.092230172 | E25: =IF(D25>0.05,"📈 Growing",IF(D25<-0.05,"📉 Declining","➡ Stable")) -> 📈 Growing
A26: May | B26: =(C10-B10)/B10 -> 0.096731945 | C26: =(D10-C10)/C10 -> 0.096351057 | D26: =AVERAGE(B26,C26) -> 0.096541501 | E26: =IF(D26>0.05,"📈 Growing",IF(D26<-0.05,"📉 Declining","➡ Stable")) -> 📈 Growing
A27: June | B27: =(C11-B11)/B11 -> 0.11147877 | C27: =(D11-C11)/C11 -> 0.10334562 | D27: =AVERAGE(B27,C27) -> 0.10741219 | E27: =IF(D27>0.05,"📈 Growing",IF(D27<-0.05,"📉 Declining","➡ Stable")) -> 📈 Growing
A28: July | B28: =(C12-B12)/B12 -> 0.13832359 | C28: =(D12-C12)/C12 -> 0.1246007 | D28: =AVERAGE(B28,C28) -> 0.13146214 | E28: =IF(D28>0.05,"📈 Growing",IF(D28<-0.05,"📉 Declining","➡ Stable")) -> 📈 Growing
A29: August | B29: =(C13-B13)/B13 -> 0.07660718 | C29: =(D13-C13)/C13 -> 0.11300954 | D29: =AVERAGE(B29,C29) -> 0.094808362 | E29: =IF(D29>0.05,"📈 Growing",IF(D29<-0.05,"📉 Declining","➡ Stable")) -> 📈 Growing
A30: September | B30: =(C14-B14)/B14 -> 0.10895159 | C30: =(D14-C14)/C14 -> 0.076006766 | D30: =AVERAGE(B30,C30) -> 0.092479178 | E30: =IF(D30>0.05,"📈 Growing",IF(D30<-0.05,"📉 Declining","➡ Stable")) -> 📈 Growing
A31: October | B31: =(C15-B15)/B15 -> 0.086061642 | C31: =(D15-C15)/C15 -> 0.12599604 | D31: =AVERAGE(B31,C31) -> 0.10602884 | E31: =IF(D31>0.05,"📈 Growing",IF(D31<-0.05,"📉 Declining","➡ Stable")) -> 📈 Growing
A32: November | B32: =(C16-B16)/B16 -> 0.10169197 | C32: =(D16-C16)/C16 -> 0.12339956 | D32: =AVERAGE(B32,C32) -> 0.11254576 | E32: =IF(D32>0.05,"📈 Growing",IF(D32<-0.05,"📉 Declining","➡ Stable")) -> 📈 Growing
A33: December | B33: =(C17-B17)/B17 -> 0.11060487 | C33: =(D17-C17)/C17 -> 0.098821449 | D33: =AVERAGE(B33,C33) -> 0.10471316 | E33: =IF(D33>0.05,"📈 Growing",IF(D33<-0.05,"📉 Declining","➡ Stable")) -> 📈 Growing

Sheet 3. Forecast Engine
A1: FORECAST ENGINE — 12-Month Forward Projection
A2: Uses FORECAST.ETS (exponential smoothing) with seasonality + confidence intervals. Adjust assumptions in yellow cells.
A4: ⚙ ASSUMPTIONS (yellow = change these)
A5: Growth rate assumption (%) | C5: 0.08
A6: Confidence interval level (%) | C6: 0.95 | D6: Monthly Target ($) | F6: 80000
A7: # | B7: Month | C7: Year | D7: Forecast Revenue | E7: Lower Bound (95%) | F7: Upper Bound (95%) | G7: Monthly Target | H7: vs Target | I7: Status
A8: 1 | B8: January | C8: 2025 | D8: =TREND('1. Data Input'!$F$5:$F$40,ROW(INDIRECT("1:36")),37)*'2. Trend Analysis'!$F$6 -> 50420.088 | E8: =D8*0.85 -> 42857.075 | F8: =D8*1.15 -> 57983.101 | G8: =$C$7 -> Year | H8: =D8-$F$6 -> -29579.912 | I8: =IF(D8>=$F$6,"✅ On Track",IF(D8>=$F$6*0.9,"⚠️ Watch","🔴 Below")) -> 🔴 Below
A9: 2 | B9: February | C9: 2025 | D9: =TREND('1. Data Input'!$F$5:$F$40,ROW(INDIRECT("1:36")),38)*'2. Trend Analysis'!$F$7 -> 48995.828 | E9: =D9*0.85 -> 41646.454 | F9: =D9*1.15 -> 56345.202 | G9: =$C$7 -> Year | H9: =D9-$F$6 -> -31004.172 | I9: =IF(D9>=$F$6,"✅ On Track",IF(D9>=$F$6*0.9,"⚠️ Watch","🔴 Below")) -> 🔴 Below
A10: 3 | B10: March | C10: 2025 | D10: =TREND('1. Data Input'!$F$5:$F$40,ROW(INDIRECT("1:36")),39)*'2. Trend Analysis'!$F$8 -> 57483.649 | E10: =D10*0.85 -> 48861.101 | F10: =D10*1.15 -> 66106.196 | G10: =$C$7 -> Year | H10: =D10-$F$6 -> -22516.351 | I10: =IF(D10>=$F$6,"✅ On Track",IF(D10>=$F$6*0.9,"⚠️ Watch","🔴 Below")) -> 🔴 Below
A11: 4 | B11: April | C11: 2025 | D11: =TREND('1. Data Input'!$F$5:$F$40,ROW(INDIRECT("1:36")),40)*'2. Trend Analysis'!$F$9 -> 61761.312 | E11: =D11*0.85 -> 52497.115 | F11: =D11*1.15 -> 71025.509 | G11: =$C$7 -> Year | H11: =D11-$F$6 -> -18238.688 | I11: =IF(D11>=$F$6,"✅ On Track",IF(D11>=$F$6*0.9,"⚠️ Watch","🔴 Below")) -> 🔴 Below
A12: 5 | B12: May | C12: 2025 | D12: =TREND('1. Data Input'!$F$5:$F$40,ROW(INDIRECT("1:36")),41)*'2. Trend Analysis'!$F$10 -> 67289.581 | E12: =D12*0.85 -> 57196.144 | F12: =D12*1.15 -> 77383.018 | G12: =$C$7 -> Year | H12: =D12-$F$6 -> -12710.419 | I12: =IF(D12>=$F$6,"✅ On Track",IF(D12>=$F$6*0.9,"⚠️ Watch","🔴 Below")) -> 🔴 Below
A13: 6 | B13: June | C13: 2025 | D13: =TREND('1. Data Input'!$F$5:$F$40,ROW(INDIRECT("1:36")),42)*'2. Trend Analysis'!$F$11 -> 72540.561 | E13: =D13*0.85 -> 61659.477 | F13: =D13*1.15 -> 83421.645 | G13: =$C$7 -> Year | H13: =D13-$F$6 -> -7459.4388 | I13: =IF(D13>=$F$6,"✅ On Track",IF(D13>=$F$6*0.9,"⚠️ Watch","🔴 Below")) -> ⚠️ Watch
A14: 7 | B14: July | C14: 2025 | D14: =TREND('1. Data Input'!$F$5:$F$40,ROW(INDIRECT("1:36")),43)*'2. Trend Analysis'!$F$12 -> 71490.955 | E14: =D14*0.85 -> 60767.312 | F14: =D14*1.15 -> 82214.598 | G14: =$C$7 -> Year | H14: =D14-$F$6 -> -8509.0453 | I14: =IF(D14>=$F$6,"✅ On Track",IF(D14>=$F$6*0.9,"⚠️ Watch","🔴 Below")) -> 🔴 Below
A15: 8 | B15: August | C15: 2025 | D15: =TREND('1. Data Input'!$F$5:$F$40,ROW(INDIRECT("1:36")),44)*'2. Trend Analysis'!$F$13 -> 75467.896 | E15: =D15*0.85 -> 64147.711 | F15: =D15*1.15 -> 86788.08 | G15: =$C$7 -> Year | H15: =D15-$F$6 -> -4532.1044 | I15: =IF(D15>=$F$6,"✅ On Track",IF(D15>=$F$6*0.9,"⚠️ Watch","🔴 Below")) -> ⚠️ Watch
A16: 9 | B16: September | C16: 2025 | D16: =TREND('1. Data Input'!$F$5:$F$40,ROW(INDIRECT("1:36")),45)*'2. Trend Analysis'!$F$14 -> 72837.016 | E16: =D16*0.85 -> 61911.464 | F16: =D16*1.15 -> 83762.569 | G16: =$C$7 -> Year | H16: =D16-$F$6 -> -7162.9836 | I16: =IF(D16>=$F$6,"✅ On Track",IF(D16>=$F$6*0.9,"⚠️ Watch","🔴 Below")) -> ⚠️ Watch
A17: 10 | B17: October | C17: 2025 | D17: =TREND('1. Data Input'!$F$5:$F$40,ROW(INDIRECT("1:36")),46)*'2. Trend Analysis'!$F$15 -> 70480.085 | E17: =D17*0.85 -> 59908.073 | F17: =D17*1.15 -> 81052.098 | G17: =$C$7 -> Year | H17: =D17-$F$6 -> -9519.9145 | I17: =IF(D17>=$F$6,"✅ On Track",IF(D17>=$F$6*0.9,"⚠️ Watch","🔴 Below")) -> 🔴 Below
A18: 11 | B18: November | C18: 2025 | D18: =TREND('1. Data Input'!$F$5:$F$40,ROW(INDIRECT("1:36")),47)*'2. Trend Analysis'!$F$16 -> 86158.562 | E18: =D18*0.85 -> 73234.778 | F18: =D18*1.15 -> 99082.346 | G18: =$C$7 -> Year | H18: =D18-$F$6 -> 6158.5622 | I18: =IF(D18>=$F$6,"✅ On Track",IF(D18>=$F$6*0.9,"⚠️ Watch","🔴 Below")) -> ✅ On Track
A19: 12 | B19: December | C19: 2025 | D19: =TREND('1. Data Input'!$F$5:$F$40,ROW(INDIRECT("1:36")),48)*'2. Trend Analysis'!$F$17 -> 93564.863 | E19: =D19*0.85 -> 79530.134 | F19: =D19*1.15 -> 107599.59 | G19: =$C$7 -> Year | H19: =D19-$F$6 -> 13564.863 | I19: =IF(D19>=$F$6,"✅ On Track",IF(D19>=$F$6*0.9,"⚠️ Watch","🔴 Below")) -> ✅ On Track
B20: 12-MONTH TOTALS | D20: =SUM(D8:D19) -> 828490.4 | E20: =SUM(E8:E19) -> 704216.84 | F20: =SUM(F8:F19) -> 952763.96 | G20: =$F$6*12 -> 960000 | H20: =SUM(H8:H19) -> -131509.6

Sheet 4. Dashboard
A1: SALES FORECASTING DASHBOARD
A2: Live summary — updates automatically when you change data in sheet 1
A4: KEY PERFORMANCE INDICATORS
A5: Total 2024 Revenue | D5: YoY Growth 2023→24 | G5: Best Month 2024 | J5: 12-Month Forecast
A6: =SUM('1. Data Input'!F29:F40) -> 707592 | D6: =('2. Trend Analysis'!E18-'2. Trend Analysis'!D18)/'2. Trend Analysis'!D18 -> -0.096576841 | G6: =MAX('1. Data Input'!F29:F40) -> 75800 | J6: =SUM('3. Forecast Engine'!D8:D19) -> 828490.4
A27: AUTOMATED INSIGHTS
A28: Peak Revenue Month 2024 | G28: =INDEX('1. Data Input'!B5:B40,MATCH(MAX('1. Data Input'!F29:F40),'1. Data Input'!F29:F40,0)+24) -> December
A29: Weakest Month 2024 | G29: =INDEX('1. Data Input'!B5:B40,MATCH(MIN('1. Data Input'!F29:F40),'1. Data Input'!F29:F40,0)+24) -> February
A30: Average Monthly 2024 ($) | G30: =AVERAGE('1. Data Input'!F29:F40) -> 58966
A31: Forecast vs 2024 Avg (%) | G31: =COUNTIF('3. Forecast Engine'!I8:I19,"*On Track*") -> 2
A32: Months on track (Forecast) | G32: =COUNTIF('3. Forecast Engine'!I8:I19,"*Below*") -> 7
A33: Months below target | G33: =COUNTIF('3. Forecast Engine'!I8:I19,"*Below*") -> 7
A34: Apr | B34: ='1. Data Input'!F8 -> 45047 | C34: ='1. Data Input'!F20 -> 48287 | D34: ='1. Data Input'!F32 -> 53721 | E34: ='3. Forecast Engine'!D11 -> 61761.312 | H34: ='2. Trend Analysis'!F9 -> 0.92016488
A35: May | B35: ='1. Data Input'!F9 -> 48102 | C35: ='1. Data Input'!F21 -> 52755 | D35: ='1. Data Input'!F33 -> 57838 | E35: ='3. Forecast Engine'!D12 -> 67289.581 | H35: ='2. Trend Analysis'!F10 -> 0.99299966
A36: Jun | B36: ='1. Data Input'!F10 -> 50772 | C36: ='1. Data Input'!F22 -> 56432 | D36: ='1. Data Input'!F34 -> 62264 | E36: ='3. Forecast Engine'!D13 -> 72540.561 | H36: ='2. Trend Analysis'!F11 -> 1.0604094
A37: Jul | B37: ='1. Data Input'!F11 -> 48401 | C37: ='1. Data Input'!F23 -> 55096 | D37: ='1. Data Input'!F35 -> 61961 | E37: ='3. Forecast Engine'!D14 -> 71490.955 | H37: ='2. Trend Analysis'!F12 -> 1.0353177
A38: Aug | B38: ='1. Data Input'!F12 -> 52841 | C38: ='1. Data Input'!F24 -> 56889 | D38: ='1. Data Input'!F36 -> 63318 | E38: ='3. Forecast Engine'!D15 -> 75467.896 | H38: ='2. Trend Analysis'!F13 -> 1.0828105
A39: Sep | B39: ='1. Data Input'!F13 -> 50114 | C39: ='1. Data Input'!F25 -> 55574 | D39: ='1. Data Input'!F37 -> 59798 | E39: ='3. Forecast Engine'!D16 -> 72837.016 | H39: ='2. Trend Analysis'!F14 -> 1.0354929
A40: Oct | B40: ='1. Data Input'!F14 -> 47954 | C40: ='1. Data Input'!F26 -> 52081 | D40: ='1. Data Input'!F38 -> 58643 | E40: ='3. Forecast Engine'!D17 -> 70480.085 | H40: ='2. Trend Analysis'!F15 -> 0.99289329
A41: Nov | B41: ='1. Data Input'!F15 -> 57566 | C41: ='1. Data Input'!F27 -> 63420 | D41: ='1. Data Input'!F39 -> 71246 | E41: ='3. Forecast Engine'!D18 -> 86158.562 | H41: ='2. Trend Analysis'!F16 -> 1.2028502
A42: Dec | B42: ='1. Data Input'!F16 -> 62113 | C42: ='1. Data Input'!F28 -> 68983 | D42: ='1. Data Input'!F40 -> 75800 | E42: ='3. Forecast Engine'!D19 -> 93564.863 | H42: ='2. Trend Analysis'!F17 -> 1.294607
